Position,Name,teamAbbrev,Actual,Salary,AvgPointsPerGame,Ownership,OwnershipTier,,,
RB,Carlos Hyde,SF,24.4,5200,13.12,40%,H,Avg,5.079132948,
RB,Todd Gurley II,LAR,40.9,6800,15.72,33%,H,,,
RB,Ty Montgomery,GB,13,6900,15.42,24%,M,,,
TE,Zach Ertz,PHI,18.5,5000,12.19,22%,M,,,
WR,Rashard Higgins,CLE,3,4000,8.47,21%,M,,,
DST,Eagles ,PHI,4,3000,8.95,19%,M,CutOff ,10,?
RB,Le'Veon Bell,PIT,21.8,8800,18.21,17%,M,,,
TE,Jack Doyle,IND,2.6,3600,10.12,16%,M,,,
WR,Davante Adams,GB,9,5600,14.79,15%,M,,,
QB,Matthew Stafford,DET,16.46,6200,18.87,14%,M,,,
RB,Kareem Hunt,KC,28.3,8000,17.77,14%,M,,,
RB,Jay Ajayi,MIA,4.5,7700,15,14%,M,,,
WR,A.J. Green,CIN,30.1,8100,15.54,13%,M,,,
WR,Cooper Kupp,LAR,3.7,4700,9.08,12%,M,,,
WR,Antonio Brown,PIT,30,9000,18.25,12%,M,,,
QB,Derek Carr,OAK,7.22,6800,15.83,12%,M,,,
WR,Keenan Allen,LAC,11.1,7200,16.43,12%,M,,,
WR,Tyreek Hill,KC,20,6600,14.42,12%,M,,,
TE,Jason Witten,DAL,1.3,4500,10.44,11%,M,,,
WR,Michael Crabtree,OAK,1.7,7400,14.8,11%,M,,,
WR,Mike Evans,TB,13.7,7500,16.32,11%,M,,,
DST,Rams ,LAR,4,3500,6.86,11%,M,,,
RB,C.J. Anderson,DEN,6.3,5800,12.86,10%,M,,,
QB,Aaron Rodgers,GB,28.82,7300,22.46,10%,M,,,
TE,Travis Kelce,KC,1.1,6000,13.82,10%,M,,,
WR,Kelvin Benjamin,CAR,2.8,6700,13.38,10%,L,,,
WR,Jermaine Kearse,NYJ,7.2,4600,9.87,10%,L,,,
DST,Ravens ,BAL,-4,3900,7.81,10%,L,,,
RB,Christian McCaffrey,CAR,23.7,6100,12.8,9%,L,,,
WR,Terrelle Pryor Sr.,WAS,3.9,5900,13.23,9%,L,,,
TE,Eric Ebron,DET,2.9,3300,10.28,9%,L,,,
DST,Steelers ,PIT,6,3400,8.3,9%,L,,,
RB,Devonta Freeman,ATL,25.8,6700,17.5,8%,L,,,
RB,Javorius Allen,BAL,7.8,5000,9.43,8%,L,,,
WR,J.J. Nelson,ARI,0,5300,11.35,8%,L,,,
WR,DeSean Jackson,TB,18.4,4600,11.16,8%,L,,,
QB,Kirk Cousins,WAS,29.8,6100,18.49,8%,L,,,
WR,Golden Tate,DET,18.8,6900,14.48,8%,L,,,
RB,Ezekiel Elliott,DAL,18.4,8300,18.66,7%,L,,,
TE,Jared Cook,OAK,14.3,3100,9.24,7%,L,,,
WR,DeAndre Hopkins,HOU,14.6,6200,14.74,7%,L,,,
WR,Devin Funchess,CAR,9.8,4200,8.59,7%,L,,,
DST,Broncos ,DEN,4,3600,7.74,7%,L,,,
QB,Carson Wentz,PHI,13.24,5900,16.14,7%,L,,,
WR,Sammy Watkins,LAR,31.6,5500,12.29,7%,L,,,
RB,Mike Gillislee,NE,3.1,5700,11.81,7%,L,,,
WR,Martavis Bryant,PIT,5,5700,10.63,6%,L,,,
DST,Patriots ,NE,6,3800,8.34,6%,L,,,
QB,Jared Goff,LAR,23.58,5200,13.34,6%,L,,,
WR,Alshon Jeffery,PHI,9.6,5900,12.7,6%,L,,,
WR,Amari Cooper,OAK,1.6,7100,13.94,6%,L,,,
WR,Mohamed Sanu,ATL,12.8,4500,9.65,6%,L,,,
RB,Isaiah Crowell,CLE,7.4,4800,12.49,6%,L,,,
WR,Julio Jones,ATL,16.1,9300,21.28,6%,L,,,
QB,Alex Smith,KC,15.1,5900,18.07,5%,L,,,
WR,Demaryius Thomas,DEN,15.8,5900,14.52,5%,L,,,
WR,Emmanuel Sanders,DEN,14.5,5800,13.88,5%,L,,,
WR,Jarvis Landry,MIA,10.8,6800,14.54,5%,L,,,
RB,Chris Thompson,WAS,33.8,4500,10.45,5%,L,,,
WR,Adam Thielen,MIN,14.8,5700,11.43,5%,L,,,
RB,Theo Riddick,DET,7.8,5100,8.97,5%,L,,,
QB,Tom Brady,NE,39.72,7700,20.21,5%,L,,,
QB,Cam Newton,CAR,11.28,6600,19.51,5%,L,,,
WR,Pierre Garcon,SF,24.2,5300,13.17,5%,L,,,
WR,DeVante Parker,MIA,21.6,6300,12.98,4%,L,,,
RB,Marshawn Lynch,OAK,3.6,6000,12.97,4%,L,,,
TE,Martellus Bennett,GB,4.2,4000,10.25,4%,L,,,
WR,Jamison Crowder,WAS,10.2,4900,10.43,4%,L,,,
RB,James White,NE,3.8,5400,9.43,4%,L,,,
DST,Dolphins ,MIA,5,3700,6.59,4%,L,,,
DST,Panthers ,CAR,0,2600,6.57,4%,L,,,
QB,Ben Roethlisberger,PIT,13,6200,15.73,4%,L,,,
WR,Doug Baldwin,SEA,29.5,6400,15.28,4%,L,,,
RB,Dalvin Cook,MIN,27.9,5900,14.52,4%,L,,,
RB,Tarik Cohen,CHI,14.2,5600,12.38,4%,L,,,
DST,Buccaneers ,TB,-1,3200,7.4,4%,L,,,
WR,Brandin Cooks,NE,35.1,7300,14.15,4%,L,,,
QB,DeShone Kizer,CLE,25.08,5000,14.92,3%,L,,,
WR,Jordy Nelson,GB,23.2,7800,12.78,3%,L,,,
WR,Kenny Golladay,DET,4.5,4600,9.43,3%,L,,,
WR,Dez Bryant,DAL,9.2,6800,14.01,3%,L,,,
QB,Matt Ryan,ATL,16.66,7100,21.4,3%,L,,,
TE,Austin Hooper,ATL,1.9,3800,7.03,3%,L,,,
TE,Zach Miller,CHI,2.7,3000,7.4,3%,L,,,
WR,Marvin Jones Jr.,DET,5.4,4200,9.64,3%,L,,,
QB,Trevor Siemian,DEN,9.56,5500,15.84,3%,L,,,
DST,Titans ,TEN,1,2700,6.47,3%,L,,,
RB,Leonard Fournette,JAX,17,6000,14.43,3%,L,,,
RB,Derrick Henry,TEN,7.4,5300,7.48,3%,L,,,
TE,Benjamin Watson,BAL,10.2,3700,7.54,3%,L,,,
TE,Delanie Walker,TEN,7.1,4400,10.91,3%,L,,,
DST,Browns ,CLE,4,3000,5.64,3%,L,,,
DST,Packers ,GB,6,3400,7.55,3%,L,,,
WR,Larry Fitzgerald,ARI,36.9,6400,13.94,3%,L,,,
WR,Jeremy Maclin,BAL,1.8,5200,11.24,3%,L,,,
WR,Stefon Diggs,MIN,40.3,6500,13,3%,L,,,
WR,Rishard Matthews,TEN,20.7,4200,11.26,3%,L,,,
WR,Cole Beasley,DAL,1.4,4700,9.44,2%,L,,,
RB,Darren Sproles,PHI,1.1,3900,10.43,2%,L,,,
WR,T.Y. Hilton,IND,31.3,5200,13.38,2%,L,,,
QB,Philip Rivers,LAC,6.48,6400,17.52,2%,L,,,
WR,Nelson Agholor,PHI,4,4200,7.75,2%,L,,,
WR,Michael Thomas,NO,21.7,7000,15.98,2%,L,,,
WR,Marqise Lee,JAX,10.5,4400,11.61,2%,L,,,
WR,Allen Hurns,JAX,11,4600,8.82,2%,L,,,
TE,Coby Fleener,NO,3.1,4100,9,2%,L,,,
DST,Chiefs ,KC,12,2900,7.32,2%,L,,,
WR,Eric Decker,TEN,8.9,4000,8.27,2%,L,,,
RB,Jonathan Stewart,CAR,7.1,4700,9.15,2%,L,,,
QB,Jay Cutler,MIA,12.7,6100,16.16,2%,L,,,
TE,Hunter Henry,LAC,0,3900,8.76,2%,L,,,
WR,Tyrell Williams,LAC,3.5,4600,10.84,2%,L,,,
RB,Ameer Abdullah,DET,11.6,4700,9.74,2%,L,,,
TE,Charles Clay,BUF,15.9,3400,9.01,2%,L,,,
DST,Cowboys ,DAL,7,2800,8.17,2%,L,,,
WR,Danny Amendola,NE,7.8,5400,5.56,2%,L,,,
TE,Kyle Rudolph,MIN,1.4,4200,11.34,2%,L,,,
DST,Raiders ,OAK,5,2500,6.97,2%,L,,,
TE,Evan Engram,NYG,9.5,3200,8.43,2%,L,,,
QB,Andy Dalton,CIN,16.28,5100,15.9,2%,L,,,
DST,49ers ,SF,0,2900,5.36,2%,L,,,
TE,Rob Gronkowski,NE,22.9,6800,12.14,2%,L,,,
RB,Lamar Miller,HOU,7.3,5000,10.06,2%,L,,,
WR,Jaron Brown,ARI,10.7,3700,6.29,2%,L,,,
RB,LeSean McCoy,BUF,13.9,7000,16.51,2%,L,,,
RB,Melvin Gordon,LAC,13.9,7600,16.39,2%,L,,,
RB,Frank Gore,IND,12.7,4200,11.57,2%,L,,,
TE,Ed Dickson,CAR,1.8,2700,6.66,2%,L,,,
DST,Jets ,NYJ,14,2100,5.44,2%,L,,,
RB,Chris Carson,SEA,13.2,4900,8.67,2%,L,,,
TE,Gerald Everett,LAR,0,2500,4.3,1%,L,,,
WR,Kendall Wright,CHI,0,4300,10.13,1%,L,,,
WR,Brandon Coleman,NO,8.1,3900,6.61,1%,L,,,
WR,Odell Beckham Jr.,NYG,28.9,8600,15.75,1%,L,,,
WR,Marquise Goodwin,SF,8.2,3500,7.41,1%,L,,,
WR,Kenny Stills,MIA,9.1,4400,9.36,1%,L,,,
QB,Jameis Winston,TB,21.52,6000,16.92,1%,L,,,
DST,Colts ,IND,6,3200,7.14,1%,L,,,
RB,Jacquizz Rodgers,TB,1.5,4600,11.54,1%,L,,,
QB,Brian Hoyer,SF,30.18,4800,12.82,1%,L,,,
WR,Ted Ginn Jr.,NO,13.9,4100,11.04,1%,L,,,
WR,Brandon LaFell,CIN,1.5,3700,8.67,1%,L,,,
RB,Tevin Coleman,ATL,11.9,5300,11.45,1%,L,,,
QB,Jacoby Brissett,IND,27.76,4800,13.66,1%,L,,,
WR,Tyler Lockett,SEA,5,4300,8.2,1%,L,,,
DST,Saints ,NO,14,2000,4.59,1%,L,,,
DST,Lions ,DET,13,2400,5.38,1%,L,,,
QB,Dak Prescott,DAL,22.92,5800,17.21,1%,L,,,
DST,Jaguars ,JAX,12,3400,7.78,1%,L,,,
TE,Jesse James,PIT,3.9,3300,7.44,1%,L,,,
DST,Bills ,BUF,8,2600,5.64,1%,L,,,
WR,Jordan Matthews,BUF,9.1,3500,9.64,1%,L,,,
RB,Joe Mixon,CIN,13.1,4500,7.55,1%,L,,,
TE,Julius Thomas,MIA,4.6,3000,6.98,1%,L,,,
RB,Chris Johnson,ARI,3.1,4200,6.23,1%,L,,,
WR,Geronimo Allison,GB,21.2,3000,5.13,1%,L,,,
DST,Falcons ,ATL,3,2500,6.21,1%,L,,,
QB,Drew Brees,NO,20.8,7200,21.02,1%,L,,,
WR,Brandon Marshall,NYG,14.6,5000,7.8,1%,L,,,
QB,Carson Palmer,ARI,24.7,6000,17.08,1%,L,,,
QB,Deshaun Watson,HOU,25.14,4700,13.33,1%,L,,,
WR,Chris Hogan,NE,22.8,6100,9.64,1%,L,,,
TE,Cameron Brate,TB,13.3,3000,7.15,1%,L,,,
TE,Vernon Davis,WAS,16.8,3000,4.37,1%,L,,,
WR,Terrance Williams,DAL,7.7,3600,7.83,1%,L,,,
RB,Mark Ingram,NO,10.6,4500,11.7,1%,L,,,
WR,Kenny Britt,CLE,14.4,4100,7.94,1%,L,,,
DST,Texans ,HOU,9,2300,5,1%,L,,,
DST,Vikings ,MIN,9,3300,7.84,1%,L,,,
WR,Travis Benjamin,LAC,19.4,3500,6.63,1%,L,,,
TE,David Njoku,CLE,9.2,2800,6.4,1%,L,,,
DST,Seahawks ,SEA,-1,3500,6.35,1%,L,,,
TE,George Kittle,SF,1.8,2500,6.22,1%,L,,,
RB,Duke Johnson Jr.,CLE,22.4,4200,9.82,0%,L,,,
TE,Austin Seferian-Jenkins,NYJ,8.1,3000,5.35,0%,L,,,
TE,Jordan Reed,WAS,0,5400,12.71,0%,L,,,
WR,Robby Anderson,NYJ,18.5,3400,8.57,0%,L,,,
WR,Torrey Smith,PHI,6.9,3600,7.24,0%,L,,,
WR,Taylor Gabriel,ATL,18.9,4000,8.22,0%,L,,,
WR,Chris Conley,KC,0,3200,6.44,0%,L,,,
RB,Jalen Richard,OAK,1.8,4100,6.29,0%,L,,,
TE,Virgil Green,DEN,4.8,2700,4.66,0%,L,,,
TE,Tyler Higbee,LAR,1.4,2500,4.56,0%,L,,,
QB,Russell Wilson,SEA,36.52,6300,18.29,0%,L,,,
QB,Josh McCown,NYJ,14.66,4500,13.41,0%,L,,,
WR,Mike Wallace,BAL,2,3700,8.42,0%,L,,,
WR,Tavon Austin,LAR,0.4,3400,5.65,0%,L,,,
WR,Sterling Shepard,NYG,29.3,4700,9.42,0%,L,,,
WR,Donte Moncrief,IND,6.4,3800,7.55,0%,L,,,
DST,Redskins ,WAS,14,2400,5.19,0%,L,,,
QB,Marcus Mariota,TEN,19.7,6000,14.75,0%,L,,,
DST,Cardinals ,ARI,0,2900,6.94,0%,L,,,
QB,Joe Flacco,BAL,-0.88,5300,13.74,0%,L,,,
RB,Alvin Kamara,NO,13.2,4000,8.74,0%,L,,,
RB,Matt Forte,NYJ,2.5,4300,8.5,0%,L,,,
WR,Paul Richardson,SEA,11,4100,7.48,0%,L,,,
DST,Giants ,NYG,5,3100,6.69,0%,L,,,
TE,Ryan Griffin,HOU,17.1,3000,0,0%,L,,,
QB,Eli Manning,NYG,27.64,5300,14.5,0%,L,,,
WR,Robert Woods,LAR,19.8,3300,7.74,0%,L,,,
TE,Antonio Gates,LAC,5,3000,7.39,0%,L,,,
TE,Seth DeValve,CLE,4.9,2600,4.96,0%,L,,,
WR,Ryan Grant,WAS,6.1,3500,4.04,0%,L,,,
WR,Randall Cobb,GB,0,6000,0,0%,L,,,
RB,LeGarrette Blount,PHI,12.7,3900,7.47,0%,L,,,
DST,Bears ,CHI,10,2200,4.73,0%,L,,,
QB,Tyrod Taylor,BUF,17.82,4900,14.18,0%,L,,,
RB,Samaje Perine,WAS,5.5,4500,5.63,0%,L,,,
WR,Andre Holmes,BUF,8.6,3000,5.03,0%,L,,,
RB,Matt Breida,SF,5.9,3800,4.35,0%,L,,,
DST,Chargers ,LAC,5,2800,8.46,0%,L,,,
RB,Giovani Bernard,CIN,11.9,3800,7.2,0%,L,,,
RB,Jamaal Charles,DEN,12.7,4200,6.52,0%,L,,,
WR,Seth Roberts,OAK,5,3400,6.13,0%,L,,,
WR,Russell Shepard,CAR,0,3500,5.16,0%,L,,,
QB,Sam Bradford,MIN,0,5700,8.89,0%,L,,,
RB,Terrance West,BAL,1.6,4900,8.75,0%,L,,,
RB,Shane Vereen,NYG,4.3,4000,7.27,0%,L,,,
WR,Eli Rogers,PIT,-1,3600,7.12,0%,L,,,
WR,Adam Humphries,TB,12.8,3100,5.77,0%,L,,,
DST,Bengals ,CIN,14,2500,6.38,0%,L,,,
TE,Richard Rodgers,GB,0,2700,0,0%,L,,,
QB,Case Keenum,MIN,31.56,4500,10.58,0%,L,,,
TE,Jimmy Graham,SEA,14.2,4600,9.04,0%,L,,,
WR,Zay Jones,BUF,0,3100,7.35,0%,L,,,
RB,Adrian Peterson,NO,5.7,3900,6.48,0%,L,,,
RB,Kerwynn Williams,ARI,0.3,4000,5.33,0%,L,,,
RB,Alex Collins,BAL,8.2,3500,3.35,0%,L,,,
WR,Trent Taylor,SF,12.2,3000,3.02,0%,L,,,
RB,Kyle Juszczyk,SF,4.4,3000,3.01,0%,L,,,
TE,Dwayne Allen,NE,0,2500,2.88,0%,L,,,
WR,Pharoh Cooper,LAR,0.4,3000,2.82,0%,L,,,
WR,Aldrick Robinson,SF,4.3,3000,2.7,0%,L,,,
RB,Jordan Howard,CHI,35.4,4900,0,0%,L,,,
RB,D'Onta Foreman,HOU,11,4000,3.21,0%,L,,,
TE,Jermaine Gresham,ARI,9.7,2700,6.33,0%,L,,,
WR,Markus Wheaton,CHI,0,3500,6.25,0%,L,,,
WR,Jeremy Kerley,NYJ,9.2,3600,6.02,0%,L,,,
WR,Breshad Perriman,BAL,0,3000,5.95,0%,L,,,
WR,Laquon Treadwell,MIN,1.2,3300,5.03,0%,L,,,
RB,Dion Lewis,NE,4.7,3400,3.78,0%,L,,,
TE,Stephen Anderson,HOU,2.4,2900,2.33,0%,L,,,
QB,Mike Glennon,CHI,7.44,4700,13.51,0%,L,,,
RB,DeMarco Murray,TEN,22,5500,11.52,0%,L,,,
TE,Tyler Eifert,CIN,0,3900,6.61,0%,L,,,
WR,Deonte Thompson,CHI,1.9,3500,6.35,0%,L,,,
RB,Thomas Rawls,SEA,0,4000,5.79,0%,L,,,
WR,Curtis Samuel,CAR,5.6,3200,5.3,0%,L,,,
RB,Jeremy Hill,CIN,3.9,3700,4.99,0%,L,,,
WR,Braxton Miller,HOU,2.5,3100,4.77,0%,L,,,
TE,O.J. Howard,TB,2.2,2700,4.77,0%,L,,,
RB,Andre Ellington,ARI,13.1,3800,4.7,0%,L,,,
WR,Bruce Ellington,HOU,15.8,3300,4.54,0%,L,,,
WR,Josh Bellamy,CHI,0,3300,4.26,0%,L,,,
WR,Cordarrelle Patterson,OAK,2.2,3000,4.1,0%,L,,,
TE,Vance McDonald,PIT,0,2800,3.22,0%,L,,,
RB,Latavius Murray,MIN,0.5,3200,3.18,0%,L,,,
RB,Orleans Darkwa,NYG,4.3,3400,2.86,0%,L,,,
RB,Tyler Ervin,HOU,1.8,3000,2.65,0%,L,,,
WR,Alex Erickson,CIN,0,3100,1.51,0%,L,,,
TE,C.J. Uzomah,CIN,0,2500,1.51,0%,L,,,
WR,Cody Latimer,DEN,0,3000,1.09,0%,L,,,
RB,Justin Davis,LAR,0,3000,0.6,0%,L,,,
WR,TJ Jones,DET,9.3,3000,0,0%,L,,,
TE,Kyle Nelson,SF,0,2500,0,0%,L,,,
TE,Michael Hoomanawanui,NO,0,2500,0,0%,L,,,
RB,Bilal Powell,NYJ,9.7,4200,8.34,0%,L,,,
WR,Albert Wilson,KC,10.4,3100,5.56,0%,L,,,
RB,Robert Turbin,IND,3,3700,5.32,0%,L,,,
WR,Tyler Boyd,CIN,2.1,3300,5.09,0%,L,,,
WR,Dontrelle Inman,LAC,1.2,3400,5.08,0%,L,,,
RB,Rex Burkhead,NE,0,4000,4.82,0%,L,,,
RB,C.J. Prosise,SEA,10.4,3700,4.25,0%,L,,,
WR,Bennie Fowler,DEN,9.5,3000,4.21,0%,L,,,
RB,Jamaal Williams,GB,0.6,4400,3.85,0%,L,,,
TE,Garrett Celek,SF,7.1,2500,3.85,0%,L,,,
TE,A.J. Derby,DEN,1.5,2500,3.84,0%,L,,,
WR,Phillip Dorsett,NE,0,4000,3.71,0%,L,,,
WR,Taywan Taylor,TEN,3.5,3600,3.14,0%,L,,,
TE,Luke Willson,SEA,14.3,2600,2.82,0%,L,,,
TE,Lance Kendricks,GB,13.2,2500,2.68,0%,L,,,
WR,Tommylee Lewis,NO,5.3,3100,2.45,0%,L,,,
TE,Demetrius Harris,KC,0,2600,2.45,0%,L,,,
TE,Nick Boyle,BAL,3.4,2500,2.38,0%,L,,,
WR,Michael Campanaro,BAL,2,3100,2.35,0%,L,,,
WR,Roger Lewis,NYG,1.6,3300,2.26,0%,L,,,
RB,T.J. Yeldon,JAX,0,3900,1.84,0%,L,,,
TE,Brent Celek,PHI,0,2500,1.73,0%,L,,,
WR,Mack Hollins,PHI,0,3000,1.64,0%,L,,,
RB,Eddie Lacy,SEA,0,3400,1.52,0%,L,,,
TE,Rhett Ellison,NYG,0,2500,1.47,0%,L,,,
WR,Jeff Janis,GB,0,3300,1.13,0%,L,,,
RB,Raheem Mostert,SF,0.1,3000,0.97,0%,L,,,
WR,Josh Reynolds,LAR,0,3000,0.9,0%,L,,,
WR,Ryan Switzer,DAL,0.3,3000,0.71,0%,L,,,
TE,Ifeanyi Momah,ARI,0,2500,0.61,0%,L,,,
RB,Elijhaa Penny,ARI,0,3000,0.55,0%,L,,,
WR,Max McCaffrey,JAX,0,3000,0.54,0%,L,,,
TE,Jacob Hollister,NE,2.9,2500,0.54,0%,L,,,
TE,Derek Carrier,LAR,2.7,2500,0.4,0%,L,,,
RB,Darren McFadden,DAL,0,4500,0.32,0%,L,,,
WR,Kasen Williams,CLE,2,3000,0.27,0%,L,,,
RB,Tommy Bohanon,JAX,1.8,3000,0.23,0%,L,,,
TE,Greg Olsen,CAR,0,4900,0,0%,L,,,
WR,Corey Coleman,CLE,0,4800,0,0%,L,,,
RB,De'Angelo Henderson,DEN,0,3600,1.59,0%,L,,,
WR,Jaelen Strong,JAX,0,3500,0,0%,L,,,
WR,Victor Bolden Jr.,SF,0,3000,0,0%,L,,,
WR,Kendrick Bourne,SF,0,3000,0,0%,L,,,
WR,Keelan Cole,JAX,0,3000,0,0%,L,,,
WR,Damiere Byrd,CAR,0,3000,0,0%,L,,,
RB,Trey Edmunds,NO,0,3000,0,0%,L,,,
RB,Michael Burton,CHI,0,3000,0,0%,L,,,
WR,Andre Roberts,ATL,0,3000,0,0%,L,,,
RB,Tion Green,DET,0,3000,0,0%,L,,,
RB,Danny Vitale,CLE,0,3000,0,0%,L,,,
WR,Reggie Davis,CLE,0,3000,0,0%,L,,,
WR,Bernard Reedy,TB,0,3000,0,0%,L,,,
WR,Matthew Slater,NE,0,3000,0,0%,L,,,
RB,Jordan Todman,HOU,0,3000,0,0%,L,,,
RB,Brandon Bolden,NE,0,3000,0,0%,L,,,
WR,Tavarres King,NYG,0,3000,0,0%,L,,,
RB,Shane Smith,NYG,0,3000,0,0%,L,,,
WR,De'Anthony Thomas,KC,0,3000,0.66,0%,L,,,
TE,Evan Baylis,HOU,0,2600,0,0%,L,,,
TE,James O'Shaughnessy,JAX,0,2500,0,0%,L,,,
TE,Nick O'Leary,BUF,0,2500,1.18,0%,L,,,
TE,Andrew DePaola,CHI,0,2500,0,0%,L,,,
TE,Kevin McDermott,MIN,0,2500,0,0%,L,,,
TE,Antony Auclair,TB,0,2500,0,0%,L,,,
TE,Matt LaCosse,NYG,0,2500,0,0%,L,,,
TE,Beau Brinkley,TEN,0,2500,0,0%,L,,,
TE,Tyler Ott,SEA,0,2500,0,0%,L,,,
TE,Clark Harris,CIN,0,2500,0,0%,L,,,
TE,Cethan Carter,CIN,0,2500,0,0%,L,,,
TE,James Winchester,KC,0,2500,0,0%,L,,,
TE,Sean Culkin,LAC,0,2500,0,0%,L,,,
TE,James Hanna,DAL,0,2500,0,0%,L,,,
QB,Blake Bortles,JAX,0,4400,14.99,0%,L,,,
RB,Rob Kelley,WAS,0,4200,8.51,0%,L,,,
WR,Corey Davis,TEN,0,3900,7.96,0%,L,,,
RB,Paul Perkins,NYG,0,3800,7.7,0%,L,,,
RB,Jerick McKinnon,MIN,0,4000,6.92,0%,L,,,
RB,Charles Sims,TB,0,3900,6.22,0%,L,,,
RB,Chris Ivory,JAX,0,3800,6.18,0%,L,,,
RB,Charcandrick West,KC,0,4000,5.29,0%,L,,,
WR,ArDarius Stewart,NYJ,0,3100,4.7,0%,L,,,
RB,Mike Tolbert,BUF,0,3800,4.56,0%,L,,,
WR,Kamar Aiken,IND,0,3300,4.5,0%,L,,,
RB,Marlon Mack,IND,0,3800,4.48,0%,L,,,
RB,DeAndre Washington,OAK,0,4000,4.47,0%,L,,,
WR,Chris Godwin,TB,0,3000,4.46,0%,L,,,
WR,JuJu Smith-Schuster,PIT,0,3000,4.29,0%,L,,,
TE,Dion Sims,CHI,0,2500,4.18,0%,L,,,
RB,Branden Oliver,LAC,0,4000,4.16,0%,L,,,
WR,John Ross,CIN,0,3300,4.14,0%,L,,,
WR,Ricardo Louis,CLE,0,3000,4.05,0%,L,,,
RB,Alfred Blue,HOU,0,3800,4.03,0%,L,,,
WR,Josh Doctson,WAS,0,3500,3.96,0%,L,,,
TE,Marcedes Lewis,JAX,0,2500,3.63,0%,L,,,
RB,Damien Williams,MIA,0,3800,3.55,0%,L,,,
RB,Wendell Smallwood,PHI,0,3800,3.47,0%,L,,,
RB,Devontae Booker,DEN,0,3500,3.47,0%,L,,,
WR,Sammie Coates,CLE,0,3100,3.38,0%,L,,,
TE,Jonnu Smith,TEN,0,2600,3.36,0%,L,,,
QB,Cody Kessler,CLE,0,4000,3.32,0%,L,,,
WR,Jarius Wright,MIN,0,3000,3.3,0%,L,,,
RB,Dwayne Washington,DET,0,3800,3.19,0%,L,,,
WR,Brice Butler,DAL,0,3000,3.09,0%,L,,,
WR,Arrelious Benn,JAX,0,3000,3.08,0%,L,,,
QB,Matt Moore,MIA,0,4500,3.05,0%,L,,,
TE,Levine Toilolo,ATL,0,2500,3.04,0%,L,,,
TE,Trey Burton,PHI,0,2500,3.04,0%,L,,,
TE,Clive Walford,OAK,0,2500,3.03,0%,L,,,
TE,Josh Hill,NO,0,2500,3.01,0%,L,,,
RB,James Conner,PIT,0,4500,2.99,0%,L,,,
TE,Will Tye,NYJ,0,2600,2.99,0%,L,,,
QB,Tom Savage,HOU,0,4400,2.95,0%,L,,,
WR,Chester Rogers,IND,0,3000,2.95,0%,L,,,
WR,Darrius Heyward-Bey,PIT,0,3000,2.93,0%,L,,,
TE,Maxx Williams,BAL,0,2500,2.85,0%,L,,,
RB,Kenyan Drake,MIA,0,4000,2.83,0%,L,,,
RB,Malcolm Brown,LAR,0,3900,2.77,0%,L,,,
QB,Landry Jones,PIT,0,4500,2.71,0%,L,,,
TE,Jerell Adams,NYG,0,2500,2.67,0%,L,,,
RB,Cameron Artis-Payne,CAR,0,3000,2.63,0%,L,,,
QB,Matt Cassel,TEN,0,4300,2.61,0%,L,,,
TE,Ben Koyack,JAX,0,2500,2.57,0%,L,,,
RB,Alfred Morris,DAL,0,5200,2.55,0%,L,,,
WR,Cody Core,CIN,0,3000,2.52,0%,L,,,
WR,Brian Quick,WAS,0,3000,2.51,0%,L,,,
RB,Zach Zenner,DET,0,3300,2.44,0%,L,,,
WR,Justin Hardy,ATL,0,3000,2.43,0%,L,,,
RB,Benny Cunningham,CHI,0,3000,2.37,0%,L,,,
TE,Adam Shaheen,CHI,0,2500,2.3,0%,L,,,
WR,Jordan Taylor,DEN,0,3000,2.29,0%,L,,,
QB,Scott Tolzien,IND,0,4300,2.21,0%,L,,,
WR,Charone Peake,NYJ,0,3000,2.17,0%,L,,,
RB,Aaron Jones,GB,0,3700,2.03,0%,L,,,
RB,Elijah McGuire,NYJ,0,3500,2,0%,L,,,
RB,Peyton Barber,TB,0,3000,1.95,0%,L,,,
TE,Tyler Kroft,CIN,0,2500,1.83,0%,L,,,
TE,Randall Telfer,CLE,0,2500,1.78,0%,L,,,
WR,Chad Williams,ARI,0,3000,1.69,0%,L,,,
TE,Xavier Grimble,PIT,0,2500,1.69,0%,L,,,
RB,Fozzy Whittaker,CAR,0,3000,1.67,0%,L,,,
WR,Justin Hunter,PIT,0,3000,1.66,0%,L,,,
TE,Darren Fells,DET,0,2500,1.62,0%,L,,,
RB,Aaron Ripkowski,GB,0,3000,1.61,0%,L,,,
RB,Corey Grant,JAX,0,3000,1.59,0%,L,,,
TE,Anthony Fasano,MIA,0,2500,1.47,0%,L,,,
RB,Matthew Dayes,CLE,0,3000,1.39,0%,L,,,
TE,Jeff Heuerman,DEN,0,2500,1.38,0%,L,,,
TE,Daniel Brown,CHI,0,2500,1.38,0%,L,,,
WR,Brittan Golden,ARI,0,3000,1.34,0%,L,,,
TE,Michael Roberts,DET,0,2500,1.26,0%,L,,,
TE,MarQueis Gray,MIA,0,2500,1.16,0%,L,,,
WR,Amara Darboh,SEA,0,3000,1.14,0%,L,,,
WR,Leonte Carroo,MIA,0,3000,1.08,0%,L,,,
WR,Shelton Gibson,PHI,0,3000,1.08,0%,L,,,
WR,Chris Moore,BAL,0,3000,1.02,0%,L,,,
WR,Rodney Adams,MIN,0,3000,0.99,0%,L,,,
RB,Austin Ekeler,LAC,0,3000,0.98,0%,L,,,
TE,Luke Stocker,TB,0,2500,0.96,0%,L,,,
WR,Jehu Chesson,KC,0,3000,0.91,0%,L,,,
RB,Terron Ward,ATL,0,3000,0.89,0%,L,,,
RB,D.J. Foster,ARI,0,3500,0.88,0%,L,,,
RB,Wayne Gallman,NYG,0,3000,0.87,0%,L,,,
WR,Tanner McEvoy,SEA,0,3000,0.86,0%,L,,,
WR,Trevor Davis,GB,0,3000,0.85,0%,L,,,
RB,Jamize Olawale,OAK,0,3000,0.8,0%,L,,,
QB,Brock Osweiler,DEN,0,4200,0.79,0%,L,,,
WR,Noah Brown,DAL,0,3000,0.77,0%,L,,,
WR,Brandon Tate,BUF,0,3000,0.72,0%,L,,,
TE,Brandon Williams,IND,0,2500,0.71,0%,L,,,
TE,David Morgan,MIN,0,2500,0.7,0%,L,,,
TE,Jordan Leggett,NYJ,0,2500,0.7,0%,L,,,
TE,Lee Smith,OAK,0,2500,0.7,0%,L,,,
QB,Ryan Fitzpatrick,TB,0,4400,0.68,0%,L,,,
RB,John Kuhn,NO,0,3000,0.66,0%,L,,,
WR,Stacy Coley,MIN,0,3000,0.66,0%,L,,,
TE,Logan Paulsen,SF,0,2500,0.66,0%,L,,,
TE,Neal Sterling,NYJ,0,2500,0.66,0%,L,,,
WR,Isaiah McKenzie,DEN,0,3000,0.65,0%,L,,,
WR,Dwayne Harris,NYG,0,3000,0.63,0%,L,,,
TE,Troy Niklas,ARI,0,2500,0.63,0%,L,,,
TE,Eric Saubert,ATL,0,2500,0.62,0%,L,,,
RB,Akeem Hunt,KC,0,3000,0.6,0%,L,,,
TE,Jeremy Sprinkle,WAS,0,2500,0.6,0%,L,,,
WR,Chad Hansen,NYJ,0,3000,0.59,0%,L,,,
RB,Corey Clement,PHI,0,3000,0.58,0%,L,,,
TE,Geoff Swaim,DAL,0,2500,0.58,0%,L,,,
QB,Nick Foles,PHI,0,4300,0.55,0%,L,,,
WR,Quan Bray,IND,0,3000,0.5,0%,L,,,
WR,Demarcus Robinson,KC,0,3000,0.49,0%,L,,,
TE,Niles Paul,WAS,0,2500,0.48,0%,L,,,
RB,Taiwan Jones,BUF,0,3000,0.46,0%,L,,,
TE,Blake Bell,MIN,0,2500,0.46,0%,L,,,
QB,Bryce Petty,NYJ,0,4000,0.45,0%,L,,,
WR,Tre McBride,CHI,0,3000,0.45,0%,L,,,
QB,AJ McCarron,CIN,0,4700,0.43,0%,L,,,
QB,Kevin Hogan,CLE,0,4600,0.43,0%,L,,,
RB,Joe Banyard,BUF,0,3000,0.42,0%,L,,,
RB,Patrick DiMarco,BUF,0,3000,0.42,0%,L,,,
TE,Chris Manhertz,CAR,0,2500,0.41,0%,L,,,
TE,Darrell Daniels,IND,0,2500,0.41,0%,L,,,
WR,Austin Carr,NO,0,3000,0.4,0%,L,,,
RB,Terrell Watson,PIT,0,3000,0.38,0%,L,,,
WR,Chris Matthews,BAL,0,3000,0.36,0%,L,,,
WR,Kaelin Clay,BUF,0,3000,0.36,0%,L,,,
RB,Andy Janovich,DEN,0,3000,0.36,0%,L,,,
WR,Nick Williams,ATL,0,3000,0.36,0%,L,,,
RB,Jalston Fowler,TEN,0,3000,0.36,0%,L,,,
WR,Josh Malone,CIN,0,3000,0.33,0%,L,,,
TE,Nick Vannett,SEA,0,2500,0.32,0%,L,,,
TE,Ross Travis,KC,0,2500,0.31,0%,L,,,
RB,Anthony Sherman,KC,0,3000,0.3,0%,L,,,
QB,Mitchell Trubisky,CHI,0,4500,0.29,0%,L,,,
TE,Phillip Supernaw,TEN,0,2500,0.28,0%,L,,,
RB,Devante Mays,GB,0,3500,0.26,0%,L,,,
RB,Derek Watt,LAC,0,3000,0.26,0%,L,,,
WR,Jared Abbrederis,DET,0,3000,0.25,0%,L,,,
TE,Khari Lee,BUF,0,2500,0.25,0%,L,,,
RB,David Fluellen,TEN,0,3000,0.23,0%,L,,,
RB,Mack Brown,WAS,0,3000,0.23,0%,L,,,
RB,Rod Smith,DAL,0,3300,0.22,0%,L,,,
WR,Tanner Gentry,CHI,0,3000,0.22,0%,L,,,
WR,Marcus Johnson,PHI,0,3000,0.22,0%,L,,,
TE,Sean McGrath,LAC,0,2500,0.21,0%,L,,,
RB,Brian Hill,ATL,0,3000,0.2,0%,L,,,
QB,Patrick Mahomes II,KC,0,4700,0.19,0%,L,,,
QB,Austin Davis,SEA,0,4300,0.19,0%,L,,,
RB,James Develin,NE,0,3000,0.19,0%,L,,,
WR,Jakeem Grant,MIA,0,3000,0.19,0%,L,,,
TE,Eric Tomlinson,NYJ,0,2500,0.19,0%,L,,,
QB,Kyle Sloter,MIN,0,4000,0.18,0%,L,,,
WR,Johnny Holton,OAK,0,3000,0.18,0%,L,,,
TE,Logan Thomas,BUF,0,2500,0.18,0%,L,,,
TE,Ryan Hewitt,CIN,0,2500,0.18,0%,L,,,
TE,Jim Dray,ARI,0,2500,0.17,0%,L,,,
QB,Geno Smith,NYG,0,4500,0.16,0%,L,,,
QB,Cardale Jones,LAC,0,4500,0.16,0%,L,,,
QB,C.J. Beathard,SF,0,4200,0.16,0%,L,,,
QB,Nathan Peterman,BUF,0,4000,0.16,0%,L,,,
RB,Roosevelt Nix,PIT,0,3000,0.16,0%,L,,,
QB,Derek Anderson,CAR,0,5400,0.15,0%,L,,,
QB,Kellen Clemens,LAC,0,4000,0.15,0%,L,,,
QB,Kellen Moore,DAL,0,4000,0.15,0%,L,,,
QB,Colt McCoy,WAS,0,4700,0.14,0%,L,,,
QB,Sean Mannion,LAR,0,4200,0.13,0%,L,,,
QB,Brett Hundley,GB,0,4200,0.13,0%,L,,,
RB,Jay Prosch,HOU,0,3000,0.13,0%,L,,,
WR,Eric Weems,TEN,0,3000,0.13,0%,L,,,
QB,Jimmy Garoppolo,NE,0,5600,0.12,0%,L,,,
RB,Senorise Perry,MIA,0,3000,0.12,0%,L,,,
RB,J.D. McKissic,SEA,0,3000,0.12,0%,L,,,
RB,Keith Smith,DAL,0,3000,0.12,0%,L,,,
TE,Alan Cross,TB,0,2500,0.12,0%,L,,,
QB,Chad Henne,JAX,0,4300,0.11,0%,L,,,
QB,Matt Schaub,ATL,0,4300,0.11,0%,L,,,
QB,Jake Rudock,DET,0,4200,0.11,0%,L,,,
QB,Drew Stanton,ARI,0,4000,0.11,0%,L,,,
RB,Derrick Coleman,ATL,0,3000,0.11,0%,L,,,
RB,Tre Madden,SEA,0,3000,0.11,0%,L,,,
WR,Vince Mayle,BAL,0,3000,0.1,0%,L,,,
QB,Ryan Mallett,BAL,0,4000,0.09,0%,L,,,
QB,Chase Daniel,NO,0,4600,0.08,0%,L,,,
RB,C.J. Ham,MIN,0,3000,0.07,0%,L,,,
QB,Cooper Rush,DAL,0,4500,0.05,0%,L,,,
QB,Blaine Gabbert,ARI,0,4300,0.05,0%,L,,,
QB,Connor Cook,OAK,0,4300,0.01,0%,L,,,
QB,Andrew Luck,IND,0,5800,0,0%,L,,,
WR,John Brown,ARI,0,5100,0,0%,L,,,
WR,Willie Snead,NO,0,4500,0,0%,L,,,
RB,Doug Martin,TB,0,4500,0,0%,L,,,
QB,Christian Hackenberg,NYJ,0,4100,0,0%,L,,,
QB,Brandon Allen,LAR,0,4000,0,0%,L,,,
QB,Joe Webb,BUF,0,4000,0,0%,L,,,
QB,Paxton Lynch,DEN,0,4000,0,0%,L,,,
QB,Taysom Hill,NO,0,4000,0,0%,L,,,
QB,Brad Kaaya,CAR,0,4000,0,0%,L,,,
QB,Mark Sanchez,CHI,0,4000,0,0%,L,,,
QB,Joshua Dobbs,PIT,0,4000,0,0%,L,,,
WR,Josh Gordon,CLE,0,4000,0,0%,L,,,
QB,Davis Webb,NYG,0,4000,0,0%,L,,,
QB,Tyler Bray,KC,0,4000,0,0%,L,,,
QB,EJ Manuel,OAK,0,4000,0,0%,L,,,
WR,Will Fuller V,HOU,0,3800,0,0%,L,,,
WR,Mike Williams,LAC,0,3700,0,0%,L,,,
RB,Taquan Mizzell,CHI,0,3000,0,0%,L,,,
WR,Kalif Raymond,NYJ,0,3000,0,0%,L,,,
